name,visited,rating,href,Mon,Tue,Wed,Thu,Fri,Sat,Sun,latitude,longitude
The Laundromat,false,4.6 ,/biz/the-laundromat-san-francisco?osq=Restaurants,Closed,Closed,8:00 AM - 2:00 PM,8:00 AM - 2:00 PM,8:00 AM - 2:00 PM,8:00 AM - 2:00 PM,9:00 AM - 2:00 PM,37.775429,-122.498842
Memento SF,false,5.0 ,/biz/memento-sf-san-francisco-3?osq=Restaurants,Closed,5:00 PM - 9:30 PM,5:00 PM - 9:30 PM,5:00 PM - 10:00 PM,5:00 PM - 10:00 PM,5:00 PM - 10:00 PM,Closed,37.751055,-122.433798
Ben Thai Cafe,false,4.4 ,/biz/ben-thai-cafe-san-francisco?osq=Restaurants,11:30 AM - 3:00 PM,11:30 AM - 3:00 PM,11:30 AM - 3:00 PM,11:30 AM - 3:00 PM,11:30 AM - 3:00 PM,11:30 AM - 10:00 PM,11:30 AM - 9:30 PM,37.789227,-122.420563
Cha Cha Cha,false,3.9 ,/biz/cha-cha-cha-san-francisco-4?osq=Restaurants,12:00 PM - 10:00 PM,12:00 PM - 10:00 PM,12:00 PM - 10:00 PM,12:00 PM - 10:00 PM,12:00 PM - 10:00 PM,12:00 PM - 10:00 PM,12:00 PM - 10:00 PM,37.769143,-122.45204
Roma Antica,false,4.5 ,/biz/roma-antica-san-francisco-3?osq=Restaurants,11:00 AM - 10:00 PM,11:00 AM - 10:00 PM,11:00 AM - 10:00 PM,11:00 AM - 10:00 PM,11:00 AM - 11:00 PM,11:00 AM - 11:00 PM,11:00 AM - 10:00 PM,37.799872,-122.440969
Fermentation Lab,false,4.9 ,/biz/fermentation-lab-san-francisco-3?osq=Restaurants,Closed,4:00 PM - 11:00 PM,4:00 PM - 11:00 PM,4:00 PM - 11:00 PM,4:00 PM - 11:00 PM,4:00 PM - 11:00 PM,4:00 PM - 11:00 PM,37.78571,-122.430036
The Snug,false,4.0 ,/biz/the-snug-san-francisco?osq=Restaurants,Closed,12:00 PM - 10:00 PM,12:00 PM - 10:00 PM,12:00 PM - 10:00 PM,12:00 PM - 12:00 AM (Next day),12:00 PM - 12:00 AM (Next day),Closed,37.790835,-122.434437
Marufuku Ramen,false,4.4 ,/biz/marufuku-ramen-san-francisco-5?osq=Restaurants,11:00 AM - 10:00 PM,11:00 AM - 10:00 PM,11:00 AM - 10:00 PM,11:00 AM - 10:00 PM,11:00 AM - 10:00 PM,11:00 AM - 10:00 PM,11:00 AM - 10:00 PM,37.785143,-122.431634
Savor,false,4.7 ,/biz/savor-san-francisco-7?osq=Restaurants,Closed,11:00 AM - 3:00 PM,11:00 AM - 3:00 PM,11:00 AM - 3:00 PM,11:00 AM - 3:00 PM,11:00 AM - 4:00 PM,11:00 AM - 4:00 PM,37.764083,-122.462226
Bottega,false,4.3 ,/biz/bottega-san-francisco-2?osq=Restaurants,11:00 AM - 11:00 PM,11:00 AM - 11:00 PM,11:00 AM - 11:00 PM,11:00 AM - 11:00 PM,11:00 AM - 12:00 AM (Next day),11:00 AM - 12:00 AM (Next day),11:00 AM - 11:00 PM,37.75472,-122.4212
little shucker,false,4.7 ,/biz/little-shucker-san-francisco?osq=Restaurants,Closed,Closed,11:00 AM - 10:00 PM,11:00 AM - 10:00 PM,11:00 AM - 10:00 PM,11:00 AM - 10:00 PM,11:00 AM - 10:00 PM,37.788251,-122.433532
Kuker,false,4.8 ,/biz/kuker-san-francisco-2?osq=Restaurants,7:00 AM - 7:00 PM,7:00 AM - 7:00 PM,7:00 AM - 7:00 PM,7:00 AM - 7:00 PM,7:00 AM - 7:00 PM,7:00 AM - 7:00 PM,7:00 AM - 7:00 PM,37.827325,-122.374024
Dumpling Home,false,4.5 ,/biz/dumpling-home-san-francisco?osq=Restaurants,11:30 AM - 2:15 PM,11:30 AM - 2:15 PM,11:30 AM - 2:15 PM,11:30 AM - 2:15 PM,11:30 AM - 2:15 PM,11:30 AM - 2:15 PM,11:30 AM - 2:15 PM,37.775831,-122.422636
The Tailor’s Son,false,4.2 ,/biz/the-tailors-son-san-francisco?osq=Restaurants,5:00 PM - 9:30 PM,5:00 PM - 9:30 PM,5:00 PM - 9:30 PM,5:00 PM - 9:30 PM,5:00 PM - 10:30 PM,11:00 AM - 10:30 PM,11:00 AM - 9:00 PM,37.788611,-122.43405
Pearl,false,4.4 ,/biz/pearl-san-francisco-8?osq=Restaurants,Closed,5:00 PM - 9:15 PM,5:00 PM - 9:15 PM,5:00 PM - 9:15 PM,5:00 PM - 9:15 PM,5:00 PM - 9:15 PM,5:00 PM - 9:15 PM,37.783839,-122.483083
Otra,false,4.5 ,/biz/otra-san-francisco-3?osq=Restaurants,4:30 PM - 10:00 PM,4:30 PM - 10:00 PM,4:30 PM - 10:00 PM,4:30 PM - 10:00 PM,4:30 PM - 10:00 PM,10:00 AM - 3:00 PM,10:00 AM - 3:00 PM,37.771928,-122.433475
Dumpling Story,false,4.7 ,/biz/dumpling-story-san-francisco?osq=Restaurants,11:30 AM - 2:15 PM,11:30 AM - 2:15 PM,11:30 AM - 2:15 PM,11:30 AM - 2:15 PM,11:30 AM - 2:15 PM,11:30 AM - 2:15 PM,11:30 AM - 2:15 PM,37.789307,-122.433806
Katsuo + Kombu,false,4.5 ,/biz/katsuo-kombu-san-francisco?osq=Restaurants,4:30 PM - 9:30 PM,4:30 PM - 9:30 PM,4:30 PM - 9:30 PM,4:30 PM - 9:30 PM,4:30 PM - 9:30 PM,4:30 PM - 9:30 PM,Closed,37.774801,-122.437985
Lokma,false,4.6 ,/biz/lokma-san-francisco?osq=Restaurants,4:00 PM - 8:30 PM,4:00 PM - 8:30 PM,4:00 PM - 8:30 PM,10:00 AM - 2:30 PM,10:00 AM - 2:30 PM,9:30 AM - 2:30 PM,9:30 AM - 2:30 PM,37.782186,-122.478677
Oodle Yunnan Rice Noodle,false,4.7 ,/biz/oodle-yunnan-rice-noodle-san-francisco?osq=Restaurants,11:00 AM - 8:00 PM,11:00 AM - 8:00 PM,11:00 AM - 8:00 PM,11:00 AM - 8:00 PM,11:00 AM - 8:00 PM,11:00 AM - 8:00 PM,11:00 AM - 8:00 PM,37.776005,-122.495635
Bento Peak,false,4.6 ,/biz/bento-peak-san-francisco?osq=Restaurants,4:30 PM - 9:30 PM,4:30 PM - 9:30 PM,4:30 PM - 9:30 PM,4:30 PM - 9:30 PM,4:30 PM - 9:30 PM,12:00 PM - 9:30 PM,12:00 PM - 9:30 PM,37.781089,-122.470207
Starbelly,false,3.8 ,/biz/starbelly-san-francisco?osq=Restaurants,11:00 AM - 9:00 PM,11:00 AM - 9:00 PM,11:00 AM - 9:00 PM,11:00 AM - 9:00 PM,11:00 AM - 10:00 PM,10:00 AM - 10:00 PM,10:00 AM - 9:00 PM,37.764075,-122.432572
Wooden Spoon,false,4.4 ,/biz/wooden-spoon-san-francisco?osq=Restaurants,8:00 AM - 3:00 PM,8:00 AM - 3:00 PM,8:00 AM - 3:00 PM,8:00 AM - 3:00 PM,8:00 AM - 3:00 PM,8:00 AM - 3:00 PM,8:00 AM - 3:00 PM,37.766616,-122.43041
NONO,false,4.4 ,/biz/nono-san-francisco?osq=Restaurants,5:00 PM - 10:00 PM,Closed,5:00 PM - 10:00 PM,5:00 PM - 10:00 PM,5:00 PM - 12:00 AM (Next day),5:00 PM - 12:00 AM (Next day),5:00 PM - 10:00 PM,37.785686,-122.432903
Mattina,false,4.0 ,/biz/mattina-san-francisco?osq=Restaurants,Closed,Closed,Closed,8:00 AM - 3:00 PM,8:00 AM - 9:00 PM,8:00 AM - 9:00 PM,8:00 AM - 9:00 PM,37.787223,-122.434152
Lily,false,4.3 ,/biz/lily-san-francisco?osq=Restaurants,5:00 PM - 9:00 PM,Closed,5:00 PM - 9:00 PM,5:00 PM - 9:00 PM,11:00 AM - 2:00 PM,11:00 AM - 2:00 PM,11:00 AM - 2:00 PM,37.782853,-122.461696
Kothai Republic,false,4.7 ,/biz/kothai-republic-san-francisco?osq=Restaurants,Closed,5:30 PM - 9:30 PM,5:30 PM - 9:30 PM,5:30 PM - 9:30 PM,5:00 PM - 10:00 PM,11:00 AM - 2:00 PM,12:00 PM - 8:00 PM,37.762327,-122.466044
Bistro Ember,false,4.8 ,/biz/bistro-ember-san-francisco?osq=Restaurants,Closed,5:00 PM - 10:00 PM,5:00 PM - 10:00 PM,5:00 PM - 10:00 PM,10:00 AM - 2:00 PM,10:00 AM - 2:00 PM,10:00 AM - 2:00 PM,37.750213,-122.427569
The Italian Homemade Company,false,4.3 ,/biz/the-italian-homemade-company-san-francisco-6?osq=Restaurants,11:00 AM - 9:30 PM,11:00 AM - 9:30 PM,11:00 AM - 9:30 PM,11:00 AM - 9:30 PM,11:00 AM - 10:00 PM,11:00 AM - 10:00 PM,11:00 AM - 9:30 PM,37.797574,-122.431021
JIJIME,false,4.3 ,/biz/jijime-san-francisco-8?osq=Restaurants,5:00 PM - 9:00 PM,5:00 PM - 9:00 PM,5:00 PM - 9:00 PM,5:00 PM - 9:00 PM,12:00 PM - 9:00 PM,11:30 AM - 9:00 PM,11:30 AM - 9:00 PM,37.780655,-122.47895
Cafe de Casa,false,4.6 ,/biz/cafe-de-casa-san-francisco-4?osq=Restaurants,8:00 AM - 7:00 PM,8:00 AM - 7:00 PM,8:00 AM - 7:00 PM,8:00 AM - 7:00 PM,8:00 AM - 7:00 PM,8:00 AM - 7:00 PM,8:00 AM - 5:00 PM,37.762338,-122.43481
Beit Rima,false,4.3 ,/biz/beit-rima-san-francisco-4?osq=Restaurants,11:00 AM - 9:00 PM,Closed,11:00 AM - 9:00 PM,11:00 AM - 9:00 PM,11:00 AM - 9:30 PM,11:00 AM - 9:30 PM,11:00 AM - 9:00 PM,37.765978,-122.449665
opa cafe,false,4.6 ,/biz/opa-cafe-san-francisco?osq=Restaurants,7:30 AM - 9:00 PM,7:30 AM - 9:00 PM,7:30 AM - 9:00 PM,7:30 AM - 9:00 PM,7:30 AM - 9:00 PM,8:00 AM - 4:00 PM,Closed,37.783966,-122.441526
C.Q. Noodles,false,4.6 ,/biz/c-q-noodles-san-francisco-2?osq=Restaurants,11:30 AM - 10:30 PM,5:00 PM - 10:30 PM,11:30 AM - 10:30 PM,11:30 AM - 10:30 PM,11:00 AM - 11:45 PM,11:00 AM - 12:00 AM (Next day),11:00 AM - 10:30 PM,37.7822,-122.482093
Kitchen Story,false,4.1 ,/biz/kitchen-story-san-francisco?osq=Restaurants,9:00 AM - 2:00 PM,9:00 AM - 2:00 PM,9:00 AM - 2:00 PM,9:00 AM - 2:00 PM,9:00 AM - 2:00 PM,9:00 AM - 2:30 PM,9:00 AM - 2:30 PM,37.764291,-122.430724
Oraan Thai Eatery,false,4.9 ,/biz/oraan-thai-eatery-san-francisco?osq=Restaurants,11:00 AM - 2:30 PM,11:00 AM - 2:30 PM,11:00 AM - 2:30 PM,11:00 AM - 2:30 PM,11:00 AM - 2:30 PM,11:00 AM - 2:30 PM,11:00 AM - 2:30 PM,37.781453,-122.459838
Blind Butcher,false,4.0 ,/biz/blind-butcher-san-francisco-2?osq=Restaurants,5:00 PM - 10:00 PM,5:00 PM - 10:00 PM,5:00 PM - 10:00 PM,5:00 PM - 10:00 PM,5:00 PM - 10:00 PM,11:00 AM - 10:00 PM,11:00 AM - 10:00 PM,37.761128,-122.434095
Dumpling Kitchen,false,4.1 ,/biz/dumpling-kitchen-san-francisco?osq=Restaurants,11:00 AM - 3:00 PM,11:00 AM - 3:00 PM,Closed,11:00 AM - 3:00 PM,11:00 AM - 3:00 PM,10:30 AM - 9:00 PM,10:30 AM - 9:00 PM,37.74234,-122.487048
CreoLa,false,4.5 ,/biz/creola-san-francisco-3?osq=Restaurants,Closed,5:00 PM - 9:00 PM,5:00 PM - 9:00 PM,11:30 AM - 3:00 PM,11:30 AM - 3:00 PM,11:00 AM - 9:00 PM,11:00 AM - 9:00 PM,37.766272,-122.452728
Sotto Mare,false,4.3 ,/biz/sotto-mare-san-francisco-4?osq=Restaurants,11:30 AM - 9:00 PM,11:30 AM - 9:00 PM,11:30 AM - 9:00 PM,11:30 AM - 9:00 PM,11:30 AM - 10:00 PM,11:30 AM - 10:00 PM,11:30 AM - 9:00 PM,37.799699,-122.408361
Santeria,false,4.4 ,/biz/santeria-san-francisco?osq=Restaurants,3:00 PM - 10:00 PM,3:00 PM - 10:00 PM,3:00 PM - 10:00 PM,3:00 PM - 10:00 PM,12:00 PM - 11:00 PM,11:00 AM - 11:00 PM,11:00 AM - 10:00 PM,37.76489,-122.431787
Nopa,false,4.2 ,/biz/nopa-san-francisco?osq=Restaurants,5:30 PM - 10:00 PM,5:30 PM - 10:00 PM,5:30 PM - 10:00 PM,5:30 PM - 10:00 PM,5:30 PM - 11:00 PM,5:30 PM - 11:00 PM,5:30 PM - 10:00 PM,37.774893,-122.437567
Sweet Maple,false,4.3 ,/biz/sweet-maple-san-francisco?osq=Restaurants,8:00 AM - 2:30 PM,8:00 AM - 2:30 PM,8:00 AM - 2:30 PM,8:00 AM - 2:30 PM,8:00 AM - 2:30 PM,8:00 AM - 3:00 PM,8:00 AM - 3:00 PM,37.7858,-122.435104
Pinsa Rossa,false,4.6 ,/biz/pinsa-rossa-san-francisco?osq=Restaurants,4:30 PM - 9:00 PM,4:30 PM - 9:00 PM,4:30 PM - 9:00 PM,4:30 PM - 9:00 PM,4:30 PM - 10:00 PM,12:00 PM - 10:00 PM,12:00 PM - 9:00 PM,37.788966,-122.433975
Frances,false,4.3 ,/biz/frances-san-francisco?osq=Restaurants,Closed,5:15 PM - 9:15 PM,5:15 PM - 9:15 PM,5:15 PM - 9:15 PM,5:15 PM - 9:15 PM,5:15 PM - 9:15 PM,Closed,37.762768,-122.432252
Blue Whale,false,4.7 ,/biz/blue-whale-san-francisco?osq=Restaurants,,,,,,,,37.79725,-122.43282
Noodle in a Haystack,false,4.8 ,/biz/noodle-in-a-haystack-san-francisco?osq=Restaurants,,,,,,,,37.780664,-122.468722
Best Kept Secret,false,4.3 ,/biz/best-kept-secret-san-francisco?osq=Restaurants,Closed,Closed,6:00 PM - 12:00 AM (Next day),6:00 PM - 1:00 AM (Next day),6:00 PM - 2:00 AM (Next day),6:00 PM - 2:00 AM (Next day),Closed,37.742753,-122.477638
Horsefeather,false,4.0 ,/biz/horsefeather-san-francisco-2?osq=Restaurants,2:00 PM - 12:00 AM (Next day),2:00 PM - 12:00 AM (Next day),2:00 PM - 12:00 AM (Next day),2:00 PM - 12:00 AM (Next day),2:00 PM - 2:00 AM (Next day),11:00 AM - 2:00 AM (Next day),11:00 AM - 12:00 AM (Next day),37.774499,-122.437457
Fable,false,4.1 ,/biz/fable-san-francisco?osq=Restaurants,11:30 AM - 9:00 PM,11:00 AM - 9:30 PM,11:00 AM - 9:30 PM,11:00 AM - 9:30 PM,11:00 AM - 9:30 PM,10:00 AM - 2:30 PM,10:00 AM - 2:30 PM,37.759958,-122.435089
Fog Harbor Fish House,false,4.3 ,/biz/fog-harbor-fish-house-san-francisco-2?osq=Restaurants,11:00 AM - 9:00 PM,11:00 AM - 9:00 PM,11:00 AM - 9:00 PM,11:00 AM - 9:00 PM,11:00 AM - 10:00 PM,11:00 AM - 10:00 PM,11:00 AM - 9:00 PM,37.808673,-122.409821
Lavash,false,4.2 ,/biz/lavash-san-francisco-2?osq=Restaurants,Closed,5:00 PM - 9:00 PM,5:00 PM - 9:00 PM,12:00 PM - 9:00 PM,12:00 PM - 9:00 PM,12:00 PM - 9:00 PM,12:00 PM - 8:00 PM,37.76407,-122.463424
La Sarrasine,false,4.7 ,/biz/la-sarrasine-san-francisco-2?osq=Restaurants,11:00 AM - 9:00 PM,11:00 AM - 9:00 PM,11:00 AM - 9:00 PM,11:00 AM - 9:00 PM,11:00 AM - 9:00 PM,10:00 AM - 9:00 PM,10:00 AM - 9:00 PM,37.775245,-122.43806
Matsuyama Shabu House,false,4.5 ,/biz/matsuyama-shabu-house-san-francisco?osq=Restaurants,5:00 PM - 10:00 PM,5:00 PM - 10:00 PM,Closed,5:00 PM - 10:00 PM,5:00 PM - 10:30 PM,12:00 PM - 3:00 PM,12:00 PM - 3:00 PM,37.786052,-122.429805
Jamie’s Place,false,4.5 ,/biz/jamies-place-san-francisco?osq=Restaurants,8:30 AM - 3:00 PM,8:30 AM - 3:00 PM,8:30 AM - 3:00 PM,8:30 AM - 3:00 PM,8:30 AM - 3:00 PM,8:00 AM - 3:00 PM,8:00 AM - 3:00 PM,37.762607,-122.466084
Copra,false,4.1 ,/biz/copra-san-francisco-2?osq=Restaurants,Closed,5:00 PM - 10:00 PM,5:00 PM - 10:00 PM,5:00 PM - 10:00 PM,5:00 PM - 10:00 PM,5:00 PM - 10:00 PM,5:00 PM - 9:00 PM,37.785384,-122.432789
Daeho Kalbijjim &amp; Beef Soup,false,4.5 ,/biz/daeho-kalbijjim-and-beef-soup-san-francisco-9?osq=Restaurants,11:00 AM - 2:30 PM,11:00 AM - 2:30 PM,11:00 AM - 2:30 PM,11:00 AM - 2:30 PM,11:00 AM - 2:30 PM,10:30 AM - 2:30 PM,10:30 AM - 2:30 PM,37.785927,-122.428565
Tastebuds,false,4.2 ,/biz/tastebuds-san-francisco-2?osq=Restaurants,9:00 AM - 3:00 PM,9:00 AM - 3:00 PM,9:00 AM - 3:00 PM,9:00 AM - 3:00 PM,9:00 AM - 3:00 PM,9:00 AM - 3:00 PM,9:00 AM - 3:00 PM,37.777158,-122.462669
Limoncello,false,4.8 ,/biz/limoncello-san-francisco?osq=Restaurants,9:00 AM - 8:00 PM,9:00 AM - 8:00 PM,9:00 AM - 8:00 PM,9:00 AM - 8:00 PM,9:00 AM - 9:00 PM,9:00 AM - 9:00 PM,9:00 AM - 8:00 PM,37.787318,-122.423591
KAIYŌ Rooftop,false,3.8 ,/biz/kaiy%C5%8D-rooftop-san-francisco-5?osq=Restaurants,4:00 PM - 12:00 AM (Next day),4:00 PM - 12:00 AM (Next day),4:00 PM - 12:00 AM (Next day),4:00 PM - 12:00 AM (Next day),2:00 PM - 1:00 AM (Next day),11:00 AM - 1:00 AM (Next day),11:00 AM - 10:00 PM,37.778856,-122.392414
Tanglad,false,4.5 ,/biz/tanglad-san-francisco?osq=Restaurants,11:00 AM - 9:00 PM,11:00 AM - 9:00 PM,11:00 AM - 9:00 PM,11:00 AM - 9:00 PM,11:00 AM - 10:00 PM,11:00 AM - 10:00 PM,11:00 AM - 10:00 PM,37.761507,-122.434808
Sunset29 BBQ,false,5.0 ,/biz/sunset29-bbq-san-francisco-2?osq=Restaurants,10:00 AM - 5:00 PM,9:00 AM - 5:00 PM,9:00 AM - 5:00 PM,9:00 AM - 5:00 PM,9:00 AM - 5:00 PM,Closed,Closed,37.744607,-122.486167
Zazie,false,4.2 ,/biz/zazie-san-francisco?osq=Restaurants,8:00 AM - 2:00 PM,8:00 AM - 2:00 PM,8:00 AM - 2:00 PM,8:00 AM - 2:00 PM,8:00 AM - 2:00 PM,9:00 AM - 3:00 PM,9:00 AM - 3:00 PM,37.765257,-122.450002
Gao Viet Kitchen &amp; Bar,false,4.3 ,/biz/gao-viet-kitchen-and-bar-san-francisco?osq=Restaurants,Closed,Closed,4:30 PM - 10:00 PM,4:30 PM - 10:00 PM,11:30 AM - 3:00 PM,11:30 AM - 3:00 PM,11:30 AM - 3:00 PM,37.763721,-122.478514
Beit Rima,false,4.5 ,/biz/beit-rima-san-francisco-3?osq=Restaurants,Closed,11:00 AM - 9:00 PM,11:00 AM - 9:00 PM,11:00 AM - 9:00 PM,11:00 AM - 9:30 PM,11:00 AM - 9:30 PM,11:00 AM - 9:00 PM,37.768723,-122.429281
Manitas Cafe,false,4.6 ,/biz/manitas-cafe-san-francisco-2?osq=Restaurants,Closed,8:00 AM - 8:00 PM,8:00 AM - 8:00 PM,8:00 AM - 8:00 PM,8:00 AM - 8:00 PM,8:00 AM - 8:00 PM,8:00 AM - 2:00 PM,37.77356,-122.45069
Ollei,false,4.5 ,/biz/ollei-san-francisco?osq=Restaurants,11:30 AM - 11:00 PM,11:30 AM - 11:00 PM,11:30 AM - 11:00 PM,11:30 AM - 1:00 AM (Next day),11:30 AM - 1:00 AM (Next day),11:30 AM - 1:00 AM (Next day),11:30 AM - 11:00 PM,37.796393,-122.422084
Nopalito,false,3.8 ,/biz/nopalito-san-francisco?osq=Restaurants,Closed,11:30 AM - 9:00 PM,11:30 AM - 9:00 PM,11:30 AM - 9:00 PM,11:30 AM - 10:00 PM,11:30 AM - 10:00 PM,11:30 AM - 9:00 PM,37.773435,-122.438993
Hook Fish,false,4.3 ,/biz/hook-fish-san-francisco-6?osq=Restaurants,11:30 AM - 9:00 PM,11:30 AM - 9:00 PM,11:30 AM - 9:00 PM,11:30 AM - 9:00 PM,11:30 AM - 9:00 PM,11:30 AM - 9:00 PM,11:30 AM - 9:00 PM,37.762398,-122.506865
Beretta Divisadero,false,4.2 ,/biz/beretta-divisadero-san-francisco?osq=Restaurants,5:00 PM - 10:00 PM,5:00 PM - 10:00 PM,5:00 PM - 10:00 PM,5:00 PM - 10:00 PM,4:00 PM - 11:00 PM,11:00 AM - 11:00 PM,11:00 AM - 9:00 PM,37.775743,-122.438253
That’s My Jam,false,4.8 ,/biz/thats-my-jam-san-francisco?osq=Restaurants,Closed,Closed,Closed,Closed,9:00 AM - 3:00 PM,9:00 AM - 9:00 PM,9:00 AM - 3:00 PM,37.772607,-122.437124
Poesia Café,false,4.6 ,/biz/poesia-caf%C3%A9-san-francisco?osq=Restaurants,Closed,7:00 AM - 4:30 PM,7:00 AM - 4:30 PM,7:00 AM - 4:30 PM,7:00 AM - 4:30 PM,7:00 AM - 4:30 PM,7:00 AM - 4:30 PM,37.761114,-122.434414
Fish In The Box,false,4.6 ,/biz/fish-in-the-box-san-francisco?osq=Restaurants,11:30 AM - 2:00 PM,11:30 AM - 2:00 PM,11:30 AM - 2:00 PM,11:30 AM - 2:00 PM,11:30 AM - 2:00 PM,11:30 AM - 2:00 PM,Closed,37.773848,-122.445861
Serendipity,false,4.7 ,/biz/serendipity-san-francisco-5?osq=Restaurants,Closed,11:30 AM - 2:30 PM,11:30 AM - 2:30 PM,11:30 AM - 2:30 PM,11:30 AM - 2:30 PM,11:30 AM - 2:30 PM,11:30 AM - 2:30 PM,37.78217,-122.486364
Beach’n,false,4.7 ,/biz/beach-n-san-francisco?osq=Restaurants,8:00 AM - 2:00 PM,Closed,Closed,8:00 AM - 2:00 PM,8:00 AM - 3:00 PM,8:00 AM - 3:00 PM,8:00 AM - 3:00 PM,37.760469,-122.508242
Um Ma,false,3.8 ,/biz/um-ma-san-francisco-3?osq=Restaurants,4:00 PM - 9:00 PM,Closed,11:00 AM - 2:00 PM,11:00 AM - 2:00 PM,11:00 AM - 10:00 PM,11:00 AM - 10:00 PM,11:00 AM - 9:00 PM,37.765498,-122.466196
Dumpling House,false,4.3 ,/biz/dumpling-house-san-francisco?osq=Restaurants,11:00 AM - 2:30 PM,11:00 AM - 2:30 PM,11:00 AM - 2:30 PM,11:00 AM - 2:30 PM,11:00 AM - 2:30 PM,11:00 AM - 9:00 PM,11:00 AM - 9:00 PM,37.763561,-122.432804
Bansang,false,4.1 ,/biz/bansang-san-francisco-3?osq=Restaurants,5:00 PM - 8:45 PM,5:00 PM - 8:45 PM,5:00 PM - 8:45 PM,5:00 PM - 8:45 PM,5:00 PM - 9:00 PM,5:00 PM - 9:00 PM,5:00 PM - 8:45 PM,37.784097,-122.432635
Mamahuhu,false,4.0 ,/biz/mamahuhu-san-francisco-3?osq=Restaurants,11:30 AM - 9:00 PM,11:30 AM - 9:00 PM,11:30 AM - 9:00 PM,11:30 AM - 9:00 PM,11:30 AM - 9:00 PM,11:30 AM - 9:00 PM,11:30 AM - 9:00 PM,37.75132,-122.431585
Routier,false,4.4 ,/biz/routier-san-francisco?osq=Restaurants,Closed,Closed,5:30 PM - 9:00 PM,5:30 PM - 9:00 PM,5:30 PM - 9:00 PM,5:30 PM - 9:00 PM,5:30 PM - 9:00 PM,37.78791,-122.440576
Udon Mugizo,false,4.1 ,/biz/udon-mugizo-san-francisco-11?osq=Restaurants,11:00 AM - 9:00 PM,11:00 AM - 9:00 PM,11:00 AM - 9:00 PM,11:00 AM - 9:00 PM,11:00 AM - 9:30 PM,11:00 AM - 9:30 PM,11:00 AM - 9:00 PM,37.78501,-122.431741
Pasta Panino,false,4.8 ,/biz/pasta-panino-san-francisco?osq=Restaurants,2:00 PM - 9:00 PM,2:00 PM - 9:00 PM,2:00 PM - 9:00 PM,2:00 PM - 9:00 PM,11:30 AM - 10:00 PM,11:30 AM - 10:00 PM,11:30 AM - 9:00 PM,37.76098,-122.435908
Dumpling Baby China Bistro,false,4.3 ,/biz/dumpling-baby-china-bistro-san-francisco-4?osq=Restaurants,4:00 PM - 10:00 PM,4:00 PM - 10:00 PM,4:00 PM - 10:00 PM,4:00 PM - 10:00 PM,4:00 PM - 10:00 PM,4:00 PM - 10:00 PM,4:00 PM - 10:00 PM,37.781053,-122.459886
ILCHA,false,4.4 ,/biz/ilcha-san-francisco?osq=Restaurants,Closed,Closed,5:30 PM - 10:00 PM,5:30 PM - 10:00 PM,5:30 PM - 10:00 PM,5:30 PM - 10:00 PM,5:30 PM - 10:00 PM,37.799512,-122.436837
Xian Bistro,false,4.5 ,/biz/xian-bistro-san-francisco-2?osq=Restaurants,Closed,11:00 AM - 8:00 PM,11:00 AM - 8:00 PM,11:00 AM - 8:00 PM,11:00 AM - 8:00 PM,11:00 AM - 8:00 PM,11:00 AM - 8:00 PM,37.753348,-122.491058
Moku Yakitori-Ya,false,4.4 ,/biz/moku-yakitori-ya-san-francisco?osq=Restaurants,Closed,5:00 PM - 9:00 PM,5:00 PM - 9:00 PM,5:00 PM - 9:00 PM,5:00 PM - 10:00 PM,5:00 PM - 10:00 PM,11:30 AM - 9:00 PM,37.782569,-122.466441
The Public Izakaya,false,4.4 ,/biz/the-public-izakaya-san-francisco?osq=Restaurants,5:00 PM - 2:00 AM (Next day),5:00 PM - 2:00 AM (Next day),5:00 PM - 12:30 AM (Next day),5:00 PM - 2:00 AM (Next day),5:00 PM - 2:00 AM (Next day),5:00 PM - 2:00 AM (Next day),5:00 PM - 12:30 AM (Next day),37.787836,-122.413599
Burma Superstar,false,4.2 ,/biz/burma-superstar-san-francisco-2?osq=Restaurants,11:30 AM - 2:30 PM,11:30 AM - 2:30 PM,11:30 AM - 2:30 PM,11:30 AM - 2:30 PM,11:30 AM - 3:00 PM,11:30 AM - 3:00 PM,11:30 AM - 3:00 PM,37.782818,-122.462564
MuuKaTa6395 Thai Charcoal BBQ,false,4.7 ,/biz/muukata6395-thai-charcoal-bbq-san-francisco?osq=Restaurants,11:00 AM - 3:00 PM,11:00 AM - 3:00 PM,11:00 AM - 3:00 PM,11:00 AM - 3:00 PM,11:00 AM - 3:00 PM,11:00 AM - 3:00 PM,11:00 AM - 3:00 PM,37.780707,-122.464648
Hinodeya Japantown,false,4.2 ,/biz/hinodeya-japantown-san-francisco-2?osq=Restaurants,10:00 AM - 10:00 PM,10:00 AM - 10:00 PM,10:00 AM - 10:00 PM,10:00 AM - 10:00 PM,10:00 AM - 12:00 AM (Next day),10:00 AM - 12:00 AM (Next day),10:00 AM - 10:00 PM,37.786157,-122.430057
Caliente Bistro Kitchen,false,4.8 ,/biz/caliente-bistro-kitchen-san-francisco?osq=Restaurants,Closed,11:00 AM - 8:00 PM,11:00 AM - 8:00 PM,11:00 AM - 8:00 PM,11:00 AM - 8:00 PM,11:00 AM - 8:00 PM,Closed,37.780958,-122.471314
Komaaj,false,4.7 ,/biz/komaaj-san-francisco-5?osq=Restaurants,Closed,11:30 AM - 3:00 PM,11:30 AM - 3:00 PM,11:30 AM - 2:30 PM,9:30 AM - 3:00 PM,9:30 AM - 7:30 PM,Closed,37.744209,-122.420987
Manna,false,4.1 ,/biz/manna-san-francisco?osq=Restaurants,Closed,11:30 AM - 9:00 PM,11:30 AM - 9:00 PM,11:30 AM - 9:00 PM,11:30 AM - 9:00 PM,11:30 AM - 9:00 PM,11:30 AM - 9:00 PM,37.76389,-122.46725
Gola,false,4.6 ,/biz/gola-san-francisco?osq=Restaurants,Closed,5:00 PM - 10:00 PM,5:00 PM - 10:00 PM,5:00 PM - 10:00 PM,5:00 PM - 10:00 PM,5:00 PM - 10:00 PM,Closed,37.759758,-122.421209
Mr. Digby’s,false,4.2 ,/biz/mr-digby-s-san-francisco-2?osq=Restaurants,Closed,5:00 PM - 9:00 PM,5:00 PM - 10:00 PM,5:00 PM - 10:00 PM,5:00 PM - 10:00 PM,10:30 AM - 10:00 PM,10:30 AM - 9:00 PM,37.751845,-122.427288
Rise Over Run,false,4.1 ,/biz/rise-over-run-san-francisco-2?osq=Restaurants,Closed,4:00 PM - 10:00 PM,4:00 PM - 10:00 PM,4:00 PM - 10:00 PM,4:00 PM - 11:00 PM,10:00 AM - 2:00 PM,10:00 AM - 2:00 PM,37.783191,-122.409922
Lark,false,4.0 ,/biz/lark-san-francisco-2?osq=Restaurants,5:00 PM - 10:00 PM,5:00 PM - 10:00 PM,5:00 PM - 10:00 PM,5:00 PM - 10:00 PM,5:00 PM - 10:00 PM,11:00 AM - 10:00 PM,11:00 AM - 10:00 PM,37.761243,-122.434248
California Fish Market Restaurant,false,4.4 ,/biz/california-fish-market-restaurant-san-francisco-3?osq=Restaurants,11:30 AM - 10:00 PM,,11:30 AM - 10:00 PM,11:30 AM - 10:00 PM,11:30 AM - 10:30 PM,11:30 AM - 10:30 PM,11:30 AM - 10:00 PM,37.799817,-122.408324
Brenda’s Meat &amp; Three,false,4.2 ,/biz/brendas-meat-and-three-san-francisco-3?osq=Restaurants,8:00 AM - 9:00 PM,8:00 AM - 9:00 PM,8:00 AM - 9:00 PM,8:00 AM - 9:00 PM,8:00 AM - 9:00 PM,8:00 AM - 9:00 PM,8:00 AM - 9:00 PM,37.778149,-122.438551
Seven Hills,false,4.5 ,/biz/seven-hills-san-francisco?osq=Restaurants,5:00 PM - 9:00 PM,5:00 PM - 9:00 PM,5:00 PM - 9:00 PM,5:00 PM - 9:00 PM,5:00 PM - 9:30 PM,5:00 PM - 9:30 PM,5:00 PM - 9:00 PM,37.798171,-122.418698
Papa’s Kitchen,false,4.4 ,/biz/papas-kitchen-san-francisco?osq=Restaurants,11:00 AM - 9:00 PM,Closed,11:00 AM - 9:00 PM,11:00 AM - 9:00 PM,11:00 AM - 9:00 PM,11:00 AM - 9:00 PM,11:00 AM - 9:00 PM,37.769418,-122.450939
Dumpling Kitchen,false,4.3 ,/biz/dumpling-kitchen-san-francisco-5?osq=Restaurants,11:00 AM - 3:00 PM,Closed,11:00 AM - 3:00 PM,11:00 AM - 3:00 PM,11:00 AM - 3:00 PM,11:00 AM - 3:00 PM,11:00 AM - 3:00 PM,37.76014,-122.435191
Breadbelly,false,4.5 ,/biz/breadbelly-san-francisco?osq=Restaurants,9:00 AM - 2:00 PM,Closed,Closed,9:00 AM - 2:00 PM,9:00 AM - 2:00 PM,9:00 AM - 2:00 PM,9:00 AM - 2:00 PM,37.782701,-122.474404
Surisan,false,4.3 ,/biz/surisan-san-francisco?osq=Restaurants,9:00 AM - 2:00 PM,9:00 AM - 2:00 PM,9:00 AM - 2:00 PM,9:00 AM - 2:00 PM,9:00 AM - 2:00 PM,9:00 AM - 3:00 PM,9:00 AM - 3:00 PM,37.806798,-122.41757
Ushi Taro Ramen,false,4.3 ,/biz/ushi-taro-ramen-san-francisco-3?osq=Restaurants,Closed,11:30 AM - 2:30 PM,11:30 AM - 2:30 PM,11:30 AM - 2:30 PM,11:30 AM - 2:30 PM,11:30 AM - 2:30 PM,11:30 AM - 2:30 PM,37.762546,-122.466103
STOA,false,4.6 ,/biz/stoa-san-francisco?osq=Restaurants,4:00 PM - 11:00 PM,Closed,Closed,4:00 PM - 11:00 PM,4:00 PM - 12:00 AM (Next day),4:00 PM - 12:00 AM (Next day),4:00 PM - 11:00 PM,37.771577,-122.433866
Woodhouse Fish,false,4.1 ,/biz/woodhouse-fish-san-francisco-4?osq=Restaurants,11:30 AM - 9:00 PM,11:30 AM - 9:00 PM,11:30 AM - 9:00 PM,11:30 AM - 9:00 PM,11:30 AM - 9:30 PM,11:30 AM - 9:30 PM,11:30 AM - 9:00 PM,37.78747,-122.433396
LaLe,false,4.2 ,/biz/lale-san-francisco-2?osq=Restaurants,10:00 AM - 4:30 PM,Closed,10:00 AM - 9:00 PM,10:00 AM - 9:00 PM,10:00 AM - 9:00 PM,9:00 AM - 9:00 PM,9:00 AM - 9:00 PM,37.763835,-122.465809
Flores San Francisco,false,4.1 ,/biz/flores-san-francisco-san-francisco?osq=Restaurants,11:30 AM - 9:30 PM,11:30 AM - 9:30 PM,11:30 AM - 9:30 PM,11:30 AM - 9:30 PM,11:30 AM - 10:30 PM,11:00 AM - 10:30 PM,11:00 AM - 9:30 PM,37.797616,-122.432581
San Ho Won,false,4.6 ,/biz/san-ho-won-san-francisco-2?osq=Restaurants,Closed,Closed,5:00 PM - 9:30 PM,5:00 PM - 9:30 PM,5:00 PM - 10:00 PM,5:00 PM - 10:00 PM,5:00 PM - 9:30 PM,37.759613,-122.410247
Fiorella - Sunset,false,4.1 ,/biz/fiorella-sunset-san-francisco-3?osq=Restaurants,5:00 PM - 9:00 PM,5:00 PM - 9:00 PM,5:00 PM - 9:00 PM,5:00 PM - 9:00 PM,5:00 PM - 10:00 PM,11:00 AM - 2:30 PM,11:00 AM - 2:30 PM,37.765158,-122.466196
Chaska Restaurant,false,4.7 ,/biz/chaska-restaurant-san-francisco?osq=Restaurants,5:00 PM - 10:00 PM,5:00 PM - 10:00 PM,5:00 PM - 10:00 PM,5:00 PM - 10:00 PM,12:00 PM - 10:00 PM,12:00 PM - 10:00 PM,2:00 PM - 10:00 PM,37.780827,-122.474432
Besharam,false,3.8 ,/biz/besharam-san-francisco?osq=Restaurants,Closed,Closed,5:00 PM - 9:00 PM,5:00 PM - 9:00 PM,5:00 PM - 9:00 PM,5:00 PM - 9:00 PM,5:00 PM - 9:00 PM,37.754195,-122.389735
Ragazza,false,4.1 ,/biz/ragazza-san-francisco?osq=Restaurants,5:00 PM - 9:00 PM,5:00 PM - 9:00 PM,5:00 PM - 9:00 PM,5:00 PM - 9:00 PM,5:00 PM - 9:00 PM,5:00 PM - 9:00 PM,5:00 PM - 9:00 PM,37.772476,-122.437473
Perilla,false,4.0 ,/biz/perilla-san-francisco-2?osq=Restaurants,11:00 AM - 9:00 PM,Closed,11:00 AM - 9:00 PM,11:00 AM - 9:00 PM,11:00 AM - 9:00 PM,11:00 AM - 9:00 PM,11:00 AM - 9:00 PM,37.764171,-122.467135
Corks,false,4.7 ,/biz/corks-san-francisco?osq=Restaurants,4:00 PM - 10:00 PM,4:00 PM - 10:00 PM,7:00 AM - 2:00 PM,7:00 AM - 2:00 PM,7:00 AM - 2:00 PM,7:00 AM - 2:00 PM,7:00 AM - 2:00 PM,37.785263,-122.464261
Collina,false,4.9 ,/biz/collina-san-francisco?osq=Restaurants,5:00 PM - 9:00 PM,Closed,Closed,5:00 PM - 9:00 PM,5:00 PM - 9:30 PM,5:00 PM - 9:30 PM,5:00 PM - 9:00 PM,37.795316,-122.418161
Jane on Fillmore,false,3.9 ,/biz/jane-on-fillmore-san-francisco-2?osq=Restaurants,7:00 AM - 4:00 PM,7:00 AM - 4:00 PM,7:00 AM - 4:00 PM,7:00 AM - 4:00 PM,7:00 AM - 4:00 PM,8:00 AM - 4:00 PM,8:00 AM - 4:00 PM,37.789365,-122.434075
MaMo,false,4.4 ,/biz/mamo-san-francisco?osq=Restaurants,Closed,5:00 PM - 9:00 PM,5:00 PM - 9:00 PM,5:00 PM - 9:00 PM,11:00 AM - 3:00 PM,11:00 AM - 3:00 PM,11:00 AM - 3:00 PM,37.803832,-122.433683
Emmita’s Cafe,false,4.7 ,/biz/emmitas-cafe-san-francisco?osq=Restaurants,7:00 AM - 3:00 PM,7:00 AM - 3:00 PM,7:00 AM - 3:00 PM,7:00 AM - 3:00 PM,7:00 AM - 3:00 PM,Closed,Closed,37.784588,-122.440089
Freekeh,false,4.7 ,/biz/freekeh-san-francisco?osq=Restaurants,Closed,5:30 PM - 9:00 PM,5:30 PM - 9:00 PM,5:30 PM - 9:00 PM,5:30 PM - 9:30 PM,5:30 PM - 9:30 PM,5:30 PM - 9:00 PM,37.765101,-122.422644
Mama Mu’s Bistro,false,5.0 ,/biz/mama-mus-bistro-san-francisco?osq=Restaurants,11:00 AM - 3:00 PM,Closed,11:00 AM - 3:00 PM,11:00 AM - 3:00 PM,11:00 AM - 3:00 PM,11:00 AM - 3:00 PM,11:00 AM - 3:00 PM,37.754323,-122.477948
Sikdang Woori,false,4.6 ,/biz/sikdang-woori-san-francisco-2?osq=Restaurants,11:00 AM - 2:30 PM,11:00 AM - 2:30 PM,11:00 AM - 2:30 PM,11:00 AM - 2:30 PM,11:00 AM - 2:30 PM,11:00 AM - 2:30 PM,12:00 PM - 2:30 PM,37.783544,-122.432435
Peacock Pansy,false,4.5 ,/biz/peacock-pansy-san-francisco?osq=Restaurants,9:00 AM - 2:00 PM,9:00 AM - 2:00 PM,9:00 AM - 2:00 PM,9:00 AM - 2:00 PM,9:00 AM - 2:00 PM,9:00 AM - 2:30 PM,9:00 AM - 2:30 PM,37.77888,-122.423255
Hayz Dog,false,4.7 ,/biz/hayz-dog-san-francisco?osq=Restaurants,11:00 AM - 9:00 PM,11:00 AM - 9:00 PM,11:00 AM - 9:00 PM,11:00 AM - 11:30 PM,11:00 AM - 11:30 PM,11:00 AM - 11:30 PM,11:00 AM - 9:00 PM,37.77726,-122.422384
Saucy Asian,false,4.3 ,/biz/saucy-asian-san-francisco-2?osq=Restaurants,11:30 AM - 3:00 PM,11:30 AM - 3:00 PM,11:30 AM - 3:00 PM,11:30 AM - 3:00 PM,11:30 AM - 3:00 PM,11:30 AM - 3:00 PM,11:30 AM - 3:00 PM,37.762627,-122.430923
Anchor Oyster Bar,false,4.5 ,/biz/anchor-oyster-bar-san-francisco?osq=Restaurants,2:00 PM - 8:00 PM,Closed,Closed,2:00 PM - 8:00 PM,2:00 PM - 8:00 PM,2:00 PM - 8:00 PM,2:00 PM - 8:00 PM,37.759702,-122.434761
Dabao Singapore,false,4.8 ,/biz/dabao-singapore-san-francisco?osq=Restaurants,Closed,Closed,3:30 PM - 4:15 PM,Closed,3:30 PM - 3:45 PM,4:00 PM - 4:30 PM,Closed,37.750895,-122.388145
Hu Tong Jian Bing,false,4.1 ,/biz/hu-tong-jian-bing-san-francisco?osq=Restaurants,11:00 AM - 6:00 PM,11:00 AM - 6:00 PM,11:00 AM - 6:00 PM,11:00 AM - 6:00 PM,11:00 AM - 6:00 PM,11:00 AM - 6:30 PM,11:00 AM - 6:30 PM,37.760706,-122.388383
Four Chairs,false,4.4 ,/biz/four-chairs-san-francisco?osq=Restaurants,10:00 AM - 2:30 PM,Closed,10:00 AM - 2:30 PM,10:00 AM - 2:30 PM,10:00 AM - 2:30 PM,9:00 AM - 3:00 PM,9:00 AM - 3:00 PM,37.744446,-122.421004
Cracked &amp; Battered - Marina,false,4.6 ,/biz/cracked-and-battered-marina-san-francisco?osq=Restaurants,8:30 AM - 2:00 PM,8:30 AM - 2:00 PM,8:30 AM - 2:00 PM,8:30 AM - 2:00 PM,8:30 AM - 2:00 PM,8:30 AM - 2:00 PM,8:30 AM - 2:00 PM,37.800466,-122.440206
Mangrove Kitchen,false,4.0 ,/biz/mangrove-kitchen-san-francisco?osq=Restaurants,11:00 AM - 2:30 PM,11:00 AM - 2:30 PM,11:00 AM - 2:30 PM,11:00 AM - 2:30 PM,11:00 AM - 2:30 PM,11:00 AM - 3:00 PM,11:00 AM - 3:00 PM,37.772514,-122.437014
Chome,false,4.6 ,/biz/chome-san-francisco-3?osq=Restaurants,Closed,Closed,5:00 PM - 11:30 PM,5:00 PM - 12:00 AM (Next day),5:00 PM - 12:00 AM (Next day),5:00 PM - 12:00 AM (Next day),5:00 PM - 12:00 AM (Next day),37.762036,-122.419184
Diamond Cafe,false,4.3 ,/biz/diamond-cafe-san-francisco?osq=Restaurants,7:00 AM - 3:00 PM,7:00 AM - 3:00 PM,7:00 AM - 3:00 PM,7:00 AM - 3:00 PM,7:00 AM - 3:00 PM,7:00 AM - 3:00 PM,7:00 AM - 3:00 PM,37.75129,-122.436169
Taishoken San Francisco,false,4.5 ,/biz/taishoken-san-francisco-san-francisco?osq=Restaurants,5:00 PM - 9:30 PM,5:00 PM - 9:30 PM,5:00 PM - 9:30 PM,5:00 PM - 9:30 PM,4:00 PM - 10:00 PM,12:00 PM - 10:00 PM,12:00 PM - 9:30 PM,37.762219,-122.421506
Base Camp,false,4.6 ,/biz/base-camp-san-francisco?osq=Restaurants,12:00 PM - 3:00 PM,12:00 PM - 3:00 PM,12:00 PM - 3:00 PM,12:00 PM - 3:00 PM,12:00 PM - 3:00 PM,12:00 PM - 3:00 PM,12:00 PM - 3:00 PM,37.758778,-122.414971
NOVY Restaurant,false,4.1 ,/biz/novy-restaurant-san-francisco-6?osq=Restaurants,11:00 AM - 3:00 PM,11:00 AM - 3:00 PM,11:00 AM - 3:00 PM,11:00 AM - 3:00 PM,11:00 AM - 3:00 PM,10:00 AM - 3:00 PM,10:00 AM - 3:00 PM,37.751557,-122.43214
Outerlands,false,3.8 ,/biz/outerlands-san-francisco?osq=Restaurants,Closed,Closed,5:00 PM - 10:00 PM,5:00 PM - 10:00 PM,9:00 AM - 3:00 PM,9:00 AM - 3:00 PM,9:00 AM - 3:00 PM,37.760281,-122.505024
Pistachio Kitchen,false,4.9 ,/biz/pistachio-kitchen-san-francisco?osq=Restaurants,8:00 AM - 3:00 PM,8:00 AM - 3:00 PM,8:00 AM - 3:00 PM,8:00 AM - 3:00 PM,8:00 AM - 3:00 PM,8:00 AM - 3:00 PM,8:00 AM - 3:00 PM,37.788811,-122.423912
The Crew,false,3.9 ,/biz/the-crew-san-francisco-3?osq=Restaurants,5:00 PM - 12:00 AM (Next day),5:00 PM - 12:00 AM (Next day),5:00 PM - 12:00 AM (Next day),5:00 PM - 12:00 AM (Next day),5:00 PM - 1:00 AM (Next day),5:00 PM - 1:00 AM (Next day),5:00 PM - 9:00 PM,37.754341,-122.478169
Teakwood,false,3.9 ,/biz/teakwood-san-francisco?osq=Restaurants,11:30 AM - 3:00 PM,11:30 AM - 3:00 PM,11:30 AM - 3:00 PM,11:30 AM - 3:00 PM,11:30 AM - 3:00 PM,10:30 AM - 10:00 PM,10:30 AM - 9:00 PM,37.77769,-122.422927
Parada 22,false,4.2 ,/biz/parada-22-san-francisco?osq=Restaurants,12:00 PM - 10:00 PM,12:00 PM - 10:00 PM,12:00 PM - 10:00 PM,12:00 PM - 10:00 PM,12:00 PM - 10:00 PM,12:00 PM - 10:00 PM,12:00 PM - 10:00 PM,37.769217,-122.452121
Brenda’s French Soul Food,false,4.2 ,/biz/brendas-french-soul-food-san-francisco-6?osq=Restaurants,8:00 AM - 8:00 PM,8:00 AM - 3:00 PM,8:00 AM - 8:00 PM,8:00 AM - 8:00 PM,8:00 AM - 8:00 PM,8:00 AM - 8:00 PM,8:00 AM - 8:00 PM,37.782915,-122.4189
Presidio Kebab,false,4.7 ,/biz/presidio-kebab-san-francisco?osq=Restaurants,11:00 AM - 8:30 PM,11:00 AM - 9:00 PM,11:00 AM - 9:00 PM,11:00 AM - 9:00 PM,11:00 AM - 9:00 PM,10:00 AM - 9:00 PM,10:00 AM - 8:30 PM,37.788073,-122.446807
Birch &amp; Rye,false,4.0 ,/biz/birch-and-rye-san-francisco-2?osq=Restaurants,Closed,Closed,5:00 PM - 9:00 PM,5:00 PM - 9:00 PM,5:00 PM - 9:00 PM,5:00 PM - 9:00 PM,11:00 AM - 2:30 PM,37.750924,-122.434271
Souvla,false,4.2 ,/biz/souvla-san-francisco-3?osq=Restaurants,11:00 AM - 10:00 PM,11:00 AM - 10:00 PM,11:00 AM - 10:00 PM,11:00 AM - 10:00 PM,11:00 AM - 10:00 PM,11:00 AM - 10:00 PM,11:00 AM - 10:00 PM,37.774509,-122.438032
Farmhouse Kitchen Thai Cuisine,false,4.1 ,/biz/farmhouse-kitchen-thai-cuisine-san-francisco?osq=Restaurants,11:00 AM - 2:00 PM,11:00 AM - 2:00 PM,11:00 AM - 2:00 PM,11:00 AM - 2:00 PM,11:00 AM - 2:00 PM,12:00 PM - 10:00 PM,12:00 PM - 9:30 PM,37.760193,-122.411419
Sandy’s,false,4.8 ,/biz/sandys-san-francisco?osq=Restaurants,Closed,Closed,11:00 AM - 5:00 PM,11:00 AM - 5:00 PM,11:00 AM - 5:00 PM,11:00 AM - 5:00 PM,11:00 AM - 5:00 PM,37.769876,-122.446301
Om Sabor,false,4.7 ,/biz/om-sabor-san-francisco-2?osq=Restaurants,Closed,5:00 PM - 9:00 PM,5:00 PM - 10:00 PM,5:00 PM - 10:00 PM,5:00 PM - 10:00 PM,5:00 PM - 10:00 PM,3:00 PM - 9:00 PM,37.778087,-122.42268
Cote Ouest Bistro,false,4.7 ,/biz/cote-ouest-bistro-san-francisco?osq=Restaurants,Closed,11:30 AM - 2:30 PM,11:30 AM - 2:30 PM,11:30 AM - 2:30 PM,11:30 AM - 2:30 PM,9:30 AM - 2:30 PM,9:30 AM - 2:30 PM,37.798338,-122.446091
Bodega,false,4.4 ,/biz/bodega-san-francisco-3?osq=Restaurants,11:00 AM - 3:00 PM,10:00 AM - 3:00 PM,11:00 AM - 3:00 PM,11:00 AM - 3:00 PM,11:00 AM - 3:00 PM,11:00 AM - 3:00 PM,11:00 AM - 3:00 PM,37.784838,-122.409302
DragonEats,false,4.4 ,/biz/dragoneats-san-francisco-7?osq=Restaurants,11:00 AM - 6:00 PM,11:00 AM - 6:00 PM,11:00 AM - 6:00 PM,11:00 AM - 6:00 PM,11:00 AM - 6:00 PM,11:00 AM - 6:00 PM,11:00 AM - 5:00 PM,37.769497,-122.450111
Rooftop 25,false,3.8 ,/biz/rooftop-25-san-francisco-2?osq=Restaurants,Closed,3:00 PM - 8:00 PM,3:00 PM - 8:00 PM,3:00 PM - 9:00 PM,11:00 AM - 10:30 PM,11:00 AM - 10:30 PM,Closed,37.778567,-122.394383
Mamahuhu,false,4.0 ,/biz/mamahuhu-san-francisco-2?osq=Restaurants,11:30 AM - 9:00 PM,11:30 AM - 9:00 PM,11:30 AM - 9:00 PM,11:30 AM - 9:00 PM,11:30 AM - 10:00 PM,11:30 AM - 10:00 PM,11:30 AM - 9:00 PM,37.782694,-122.464781
Anomaly SF,false,4.7 ,/biz/anomaly-sf-san-francisco-2?osq=Restaurants,Closed,7:00 PM - 11:00 PM,6:00 PM - 11:00 PM,6:00 PM - 11:00 PM,6:00 PM - 11:00 PM,6:00 PM - 11:00 PM,Closed,37.784945,-122.443377
Little Original Joe’s,false,4.3 ,/biz/little-original-joes-san-francisco?osq=Restaurants,10:00 AM - 10:00 PM,10:00 AM - 10:00 PM,10:00 AM - 10:00 PM,10:00 AM - 10:00 PM,10:00 AM - 10:00 PM,10:00 AM - 10:00 PM,10:00 AM - 10:00 PM,37.736575,-122.47032
Friends Only,false,4.9 ,/biz/friends-only-san-francisco?osq=Restaurants,,,,,,,,37.790716,-122.419231
Mamanoko,false,4.3 ,/biz/mamanoko-san-francisco-2?osq=Restaurants,5:00 PM - 9:00 PM,5:00 PM - 9:00 PM,5:00 PM - 9:00 PM,5:00 PM - 9:00 PM,12:00 PM - 2:30 PM,12:00 PM - 2:30 PM,12:00 PM - 2:30 PM,37.799956,-122.441438
Brioche Bakery &amp; Cafe,false,4.0 ,/biz/brioche-bakery-and-cafe-san-francisco-3?osq=Restaurants,8:00 AM - 8:30 PM,8:00 AM - 8:30 PM,8:00 AM - 8:30 PM,8:00 AM - 8:30 PM,8:00 AM - 8:30 PM,8:00 AM - 8:30 PM,8:00 AM - 8:30 PM,37.769931,-122.449316
L’Ardoise Bistro,false,4.5 ,/biz/l-ardoise-bistro-san-francisco?osq=Restaurants,Closed,5:30 PM - 10:00 PM,5:30 PM - 10:00 PM,5:30 PM - 10:00 PM,5:00 PM - 10:30 PM,5:00 PM - 10:30 PM,Closed,37.766574,-122.432988
Unco Frank’s,false,4.5 ,/biz/unco-frank-s-san-francisco?osq=Restaurants,4:30 PM - 8:45 PM,4:30 PM - 8:45 PM,4:30 PM - 8:45 PM,4:30 PM - 8:45 PM,4:30 PM - 10:00 PM,4:30 PM - 10:00 PM,4:30 PM - 8:45 PM,37.782849,-122.464117
Wilder,false,3.9 ,/biz/wilder-san-francisco?osq=Restaurants,5:00 PM - 10:00 PM,Closed,5:00 PM - 11:00 PM,5:00 PM - 11:00 PM,4:00 PM - 2:00 AM (Next day),10:00 AM - 2:00 AM (Next day),10:00 AM - 8:00 PM,37.798848,-122.435688
Big Fish House,false,4.9 ,/biz/big-fish-house-san-francisco?osq=Restaurants,Closed,11:30 AM - 2:30 PM,11:30 AM - 2:30 PM,11:30 AM - 2:30 PM,11:30 AM - 2:30 PM,5:00 PM - 10:00 PM,5:00 PM - 9:00 PM,37.781957,-122.481961
Chez Maman West,false,4.1 ,/biz/chez-maman-west-san-francisco-2?osq=Restaurants,11:30 AM - 10:00 PM,11:30 AM - 10:00 PM,11:30 AM - 10:00 PM,11:30 AM - 10:00 PM,11:30 AM - 10:00 PM,10:30 AM - 10:00 PM,10:30 AM - 10:00 PM,37.776988,-122.423164
Breakfast at Tiffany’s,false,4.0 ,/biz/breakfast-at-tiffanys-san-francisco?osq=Restaurants,7:00 AM - 2:00 PM,7:00 AM - 2:00 PM,7:00 AM - 2:00 PM,7:00 AM - 2:00 PM,7:00 AM - 2:00 PM,7:00 AM - 2:30 PM,7:00 AM - 2:30 PM,37.730449,-122.404662
Suppenküche,false,4.1 ,/biz/suppenk%C3%BCche-san-francisco-2?osq=Restaurants,5:00 PM - 9:00 PM,5:00 PM - 9:00 PM,5:00 PM - 9:00 PM,5:00 PM - 10:00 PM,4:00 PM - 10:00 PM,12:00 PM - 10:00 PM,12:00 PM - 7:00 PM,37.776239,-122.426424
Pizzetta 211,false,4.3 ,/biz/pizzetta-211-san-francisco?osq=Restaurants,11:30 AM - 2:30 PM,Closed,11:30 AM - 2:30 PM,11:30 AM - 2:30 PM,11:30 AM - 2:30 PM,11:30 AM - 9:30 PM,11:30 AM - 9:00 PM,37.783684,-122.482974
Waraku,false,3.8 ,/biz/waraku-san-francisco-2?osq=Restaurants,11:30 AM - 2:30 PM,11:30 AM - 2:30 PM,11:30 AM - 2:30 PM,11:30 AM - 2:30 PM,11:30 AM - 10:00 PM,11:30 AM - 10:00 PM,11:30 AM - 9:00 PM,37.785902,-122.428774
Kiln,false,4.6 ,/biz/kiln-san-francisco-3?osq=Restaurants,Closed,5:00 PM - 8:30 PM,5:00 PM - 8:30 PM,5:00 PM - 8:30 PM,5:00 PM - 8:30 PM,5:00 PM - 8:30 PM,Closed,37.776024,-122.420357
Cole Valley Tavern,false,4.1 ,/biz/cole-valley-tavern-san-francisco?osq=Restaurants,11:00 AM - 9:00 PM,Closed,11:00 AM - 10:00 PM,11:00 AM - 10:00 PM,11:00 AM - 10:00 PM,10:00 AM - 10:00 PM,10:00 AM - 8:00 PM,37.76575,-122.449729
Izakaya Sozai,false,3.8 ,/biz/izakaya-sozai-san-francisco?osq=Restaurants,5:00 PM - 9:00 PM,Closed,5:00 PM - 9:00 PM,5:00 PM - 9:00 PM,5:00 PM - 10:00 PM,5:00 PM - 10:00 PM,5:00 PM - 9:00 PM,37.763842,-122.47413
Bella Trattoria,false,4.3 ,/biz/bella-trattoria-san-francisco?osq=Restaurants,4:30 PM - 9:00 PM,4:30 PM - 9:00 PM,11:00 AM - 9:00 PM,11:00 AM - 9:00 PM,11:00 AM - 10:00 PM,12:00 PM - 10:00 PM,12:00 PM - 8:00 PM,37.78136,-122.460921
Sonamu Korean Restaurant,false,4.5 ,/biz/sonamu-korean-restaurant-san-francisco-2?osq=Restaurants,11:30 AM - 3:30 PM,11:30 AM - 3:30 PM,Closed,11:30 AM - 3:30 PM,11:30 AM - 3:30 PM,11:30 AM - 3:30 PM,11:30 AM - 3:30 PM,37.780572,-122.480933
State Bird Provisions,false,4.2 ,/biz/state-bird-provisions-san-francisco?osq=Restaurants,5:30 PM - 10:00 PM,5:30 PM - 10:00 PM,5:30 PM - 10:00 PM,5:30 PM - 10:00 PM,5:30 PM - 10:30 PM,5:30 PM - 10:30 PM,5:30 PM - 10:00 PM,37.78374,-122.433005
Vico Cavone,false,3.8 ,/biz/vico-cavone-san-francisco?osq=Restaurants,5:00 PM - 10:00 PM,5:00 PM - 10:00 PM,5:00 PM - 10:00 PM,5:00 PM - 10:00 PM,5:00 PM - 10:00 PM,11:00 AM - 3:00 PM,11:00 AM - 3:00 PM,37.760884,-122.436965
Georgian Cheese Boat,false,4.6 ,/biz/georgian-cheese-boat-san-francisco?osq=Restaurants,11:45 AM - 10:00 PM,11:45 AM - 10:00 PM,11:45 AM - 10:00 PM,11:45 AM - 10:00 PM,11:00 AM - 10:00 PM,11:00 AM - 10:00 PM,11:00 AM - 10:00 PM,37.798367,-122.407109
Al Carajo,false,4.9 ,/biz/al-carajo-san-francisco?osq=Restaurants,Closed,Closed,11:00 AM - 3:00 PM,11:00 AM - 3:00 PM,11:00 AM - 10:00 PM,10:00 AM - 10:00 PM,10:00 AM - 4:00 PM,37.755586,-122.419417
Prik Hom,false,4.6 ,/biz/prik-hom-san-francisco?osq=Restaurants,Closed,Closed,5:00 PM - 9:00 PM,5:00 PM - 9:00 PM,5:00 PM - 9:30 PM,5:00 PM - 9:30 PM,5:00 PM - 9:00 PM,37.781837,-122.45377
a Mano,false,4.1 ,/biz/a-mano-san-francisco-2?osq=Restaurants,11:30 AM - 9:30 PM,11:30 AM - 9:30 PM,11:30 AM - 9:30 PM,11:30 AM - 9:30 PM,11:30 AM - 10:30 PM,11:00 AM - 10:30 PM,11:00 AM - 9:00 PM,37.776964,-122.423868
Cocina Mamá Cholita,false,4.9 ,/biz/cocina-mam%C3%A1-cholita-san-francisco?osq=Restaurants,Closed,Closed,11:30 AM - 8:30 PM,11:30 AM - 8:30 PM,11:30 AM - 8:30 PM,11:30 AM - 8:30 PM,10:30 AM - 7:30 PM,37.741273,-122.422503
Mr. Hen Noodles House,false,4.1 ,/biz/mr-hen-noodles-house-san-francisco?osq=Restaurants,11:00 AM - 3:30 PM,11:00 AM - 3:30 PM,11:00 AM - 3:30 PM,11:00 AM - 3:30 PM,11:00 AM - 3:30 PM,1:00 PM - 10:00 PM,5:00 PM - 10:00 PM,37.760855,-122.433696
Casaro Osteria,false,4.5 ,/biz/casaro-osteria-san-francisco-2?osq=Restaurants,11:30 AM - 10:00 PM,11:30 AM - 10:00 PM,11:30 AM - 10:00 PM,11:30 AM - 10:00 PM,11:30 AM - 11:00 PM,11:30 AM - 11:00 PM,11:30 AM - 10:00 PM,37.797443,-122.434493
Cafe Okawari,false,4.5 ,/biz/cafe-okawari-san-francisco?osq=Restaurants,10:30 AM - 7:30 PM,10:30 AM - 7:30 PM,10:30 AM - 7:30 PM,10:30 AM - 7:30 PM,10:30 AM - 7:30 PM,Closed,Closed,37.778213,-122.393939
Gurung Kitchen,false,4.6 ,/biz/gurung-kitchen-san-francisco?osq=Restaurants,11:00 AM - 10:00 PM,11:00 AM - 10:00 PM,11:00 AM - 10:00 PM,11:00 AM - 10:00 PM,11:00 AM - 10:00 PM,11:00 AM - 10:00 PM,11:00 AM - 10:00 PM,37.76372,-122.469081
Kantine,false,4.2 ,/biz/kantine-san-francisco-2?osq=Restaurants,Closed,8:00 AM - 2:00 PM,8:00 AM - 2:00 PM,8:00 AM - 2:00 PM,8:00 AM - 2:00 PM,9:00 AM - 3:00 PM,9:00 AM - 3:00 PM,37.770655,-122.425312
Jaranita,false,4.2 ,/biz/jaranita-san-francisco-4?osq=Restaurants,Closed,4:00 PM - 9:00 PM,4:00 PM - 9:00 PM,4:00 PM - 9:00 PM,4:00 PM - 9:30 PM,11:30 AM - 3:00 PM,11:30 AM - 3:00 PM,37.800241,-122.437546
Damn Fine,false,4.3 ,/biz/damn-fine-san-francisco-2?osq=Restaurants,Closed,12:00 PM - 10:00 PM,12:00 PM - 10:00 PM,12:00 PM - 10:00 PM,12:00 PM - 10:00 PM,12:00 PM - 10:00 PM,12:00 PM - 9:00 PM,37.760934,-122.498731
Kui Shin Bo,false,3.8 ,/biz/kui-shin-bo-san-francisco-2?osq=Restaurants,11:30 AM - 8:30 PM,11:30 AM - 8:30 PM,Closed,11:30 AM - 8:30 PM,11:30 AM - 8:30 PM,11:30 AM - 8:30 PM,11:30 AM - 8:30 PM,37.785367,-122.429465
Yakiniku Shodai,false,4.8 ,/biz/yakiniku-shodai-san-francisco?osq=Restaurants,Closed,5:30 PM - 10:00 PM,5:30 PM - 10:00 PM,5:30 PM - 10:00 PM,5:00 PM - 10:00 PM,5:00 PM - 10:00 PM,12:00 PM - 2:00 PM,37.776224,-122.418239
The Italian Homemade Company,false,4.3 ,/biz/the-italian-homemade-company-san-francisco-8?osq=Restaurants,11:00 AM - 9:00 PM,11:00 AM - 9:00 PM,11:00 AM - 9:00 PM,11:00 AM - 9:00 PM,11:00 AM - 9:00 PM,11:00 AM - 9:00 PM,11:00 AM - 9:00 PM,37.801752,-122.411851
Troya,false,4.0 ,/biz/troya-san-francisco-3?osq=Restaurants,11:00 AM - 9:00 PM,11:00 AM - 9:00 PM,11:00 AM - 9:00 PM,11:00 AM - 9:00 PM,11:00 AM - 9:00 PM,10:00 AM - 9:00 PM,10:00 AM - 9:00 PM,37.789374,-122.434076
Piglet &amp; Co,false,4.3 ,/biz/piglet-and-co-san-francisco?osq=Restaurants,Closed,Closed,5:00 PM - 9:30 PM,5:00 PM - 9:30 PM,5:00 PM - 9:30 PM,5:00 PM - 9:30 PM,11:00 AM - 2:30 PM,37.762337,-122.419758
Marcella’s Lasagneria,false,4.6 ,/biz/marcellas-lasagneria-san-francisco-3?osq=Restaurants,Closed,10:00 AM - 2:00 PM,10:00 AM - 2:00 PM,10:00 AM - 2:00 PM,10:00 AM - 2:00 PM,10:00 AM - 2:00 PM,Closed,37.758021,-122.389141
La Connessa,false,4.7 ,/biz/la-connessa-san-francisco?osq=Restaurants,4:00 PM - 9:00 PM,4:00 PM - 9:00 PM,4:00 PM - 9:00 PM,4:00 PM - 9:00 PM,4:00 PM - 10:00 PM,4:00 PM - 10:00 PM,4:00 PM - 9:00 PM,37.763543,-122.400357
Dalida,false,4.7 ,/biz/dalida-san-francisco-2?osq=Restaurants,Closed,Closed,5:00 PM - 9:00 PM,5:00 PM - 9:00 PM,5:00 PM - 9:00 PM,5:00 PM - 9:00 PM,5:00 PM - 9:00 PM,37.800035,-122.45958
Heroic Italian,false,4.6 ,/biz/heroic-italian-san-francisco-3?osq=Restaurants,11:30 AM - 3:00 PM,11:30 AM - 8:00 PM,11:30 AM - 8:00 PM,11:30 AM - 8:00 PM,11:30 AM - 8:00 PM,11:30 AM - 8:00 PM,11:30 AM - 8:00 PM,37.75977,-122.435133
Vive La Tarte,false,4.3 ,/biz/vive-la-tarte-san-francisco-5?osq=Restaurants,8:00 AM - 2:00 PM,8:00 AM - 2:00 PM,8:00 AM - 2:00 PM,8:00 AM - 2:00 PM,8:00 AM - 2:00 PM,8:00 AM - 2:00 PM,8:00 AM - 2:00 PM,37.751477,-122.432601
Bacco,false,4.2 ,/biz/bacco-san-francisco?osq=Restaurants,Closed,5:00 PM - 8:30 PM,5:00 PM - 8:30 PM,5:00 PM - 8:30 PM,11:30 AM - 2:30 PM,11:30 AM - 2:30 PM,11:30 AM - 2:30 PM,37.751467,-122.430042
Firefly Restaurant,false,4.2 ,/biz/firefly-restaurant-san-francisco-4?osq=Restaurants,Closed,5:30 PM - 8:30 PM,5:30 PM - 8:30 PM,5:30 PM - 8:30 PM,5:30 PM - 8:30 PM,5:30 PM - 8:30 PM,Closed,37.751206,-122.438189
Andina,false,5.0 ,/biz/andina-san-francisco-2?osq=Restaurants,Closed,Closed,11:00 AM - 3:00 PM,11:00 AM - 3:00 PM,11:00 AM - 3:00 PM,11:00 AM - 3:00 PM,11:00 AM - 3:00 PM,37.776231,-122.421605
Vixi,false,4.0 ,/biz/vixi-san-francisco-2?osq=Restaurants,4:00 PM - 9:00 PM,4:00 PM - 9:00 PM,4:00 PM - 9:00 PM,4:00 PM - 9:00 PM,4:00 PM - 9:00 PM,4:00 PM - 9:00 PM,4:00 PM - 9:00 PM,37.786136,-122.45367
Copas,false,4.4 ,/biz/copas-san-francisco?osq=Restaurants,Closed,Closed,3:00 PM - 9:00 PM,3:00 PM - 9:00 PM,12:00 PM - 9:00 PM,11:00 AM - 9:00 PM,11:00 AM - 9:00 PM,37.765121,-122.431377
Cafe Réveille,false,3.8 ,/biz/cafe-r%C3%A9veille-san-francisco-8?osq=Restaurants,7:00 AM - 7:30 PM,7:00 AM - 7:30 PM,7:00 AM - 7:30 PM,7:00 AM - 7:30 PM,7:00 AM - 7:30 PM,7:00 AM - 7:30 PM,7:00 AM - 7:30 PM,37.771055,-122.432099
Hoshinoya,false,4.2 ,/biz/hoshinoya-san-francisco?osq=Restaurants,Closed,11:30 AM - 4:00 PM,11:30 AM - 4:00 PM,11:30 AM - 4:00 PM,11:30 AM - 4:00 PM,11:00 AM - 9:30 PM,11:00 AM - 8:30 PM,37.786186,-122.429715
Hodala,false,4.1 ,/biz/hodala-san-francisco?osq=Restaurants,12:00 PM - 10:00 PM,Closed,12:00 PM - 10:00 PM,12:00 PM - 10:00 PM,12:00 PM - 10:00 PM,12:00 PM - 10:00 PM,12:00 PM - 10:00 PM,37.780005,-122.481684
MaMa Ji’s - Temp. CLOSED,false,3.8 ,/biz/mama-jis-san-francisco-2?osq=Restaurants,,,,,,,,37.760784,-122.438718
Original Joe’s,false,4.1 ,/biz/original-joes-san-francisco-3?osq=Restaurants,4:00 PM - 10:00 PM,4:00 PM - 10:00 PM,4:00 PM - 10:00 PM,4:00 PM - 10:00 PM,11:30 AM - 10:00 PM,10:00 AM - 10:00 PM,10:00 AM - 10:00 PM,37.800249,-122.40934
Picaro,false,3.9 ,/biz/picaro-san-francisco?osq=Restaurants,4:00 PM - 10:00 PM,4:00 PM - 10:00 PM,4:00 PM - 10:00 PM,4:00 PM - 10:00 PM,1:00 PM - 10:00 PM,1:00 PM - 10:00 PM,1:00 PM - 9:00 PM,37.765078,-122.422522
Burma Love,false,4.0 ,/biz/burma-love-san-francisco-10?osq=Restaurants,11:30 AM - 3:00 PM,11:30 AM - 3:00 PM,11:30 AM - 3:00 PM,11:30 AM - 3:00 PM,11:30 AM - 3:00 PM,11:30 AM - 10:30 PM,11:30 AM - 10:00 PM,37.769608,-122.422099
Sisterita,false,4.7 ,/biz/sisterita-san-francisco?osq=Restaurants,8:00 AM - 2:30 PM,8:00 AM - 2:30 PM,8:00 AM - 2:30 PM,8:00 AM - 2:30 PM,8:00 AM - 2:30 PM,8:00 AM - 2:30 PM,8:00 AM - 2:30 PM,37.794004,-122.404193
Taniku Izakaya,false,4.9 ,/biz/taniku-izakaya-san-francisco?osq=Restaurants,4:30 PM - 10:00 PM,4:30 PM - 10:00 PM,4:30 PM - 12:00 AM (Next day),4:30 PM - 12:00 AM (Next day),4:30 PM - 12:00 AM (Next day),4:30 PM - 12:00 AM (Next day),4:30 PM - 9:30 PM,37.785656,-122.420457
ABACÁ,false,4.0 ,/biz/abac%C3%A1-san-francisco-3?osq=Restaurants,7:00 AM - 10:00 AM,7:00 AM - 10:00 AM,7:00 AM - 10:00 AM,7:00 AM - 10:00 AM,7:00 AM - 10:00 AM,8:00 AM - 1:00 PM,8:00 AM - 1:00 PM,37.806737,-122.416937
Bonita Taqueria Y Rotisserie,false,4.4 ,/biz/bonita-taqueria-y-rotisserie-san-francisco-3?osq=Restaurants,11:00 AM - 9:00 PM,11:00 AM - 9:00 PM,11:00 AM - 9:00 PM,11:00 AM - 9:00 PM,11:00 AM - 9:00 PM,10:00 AM - 9:00 PM,10:00 AM - 9:00 PM,37.764341,-122.433568
Inle Burmese Cuisine,false,4.2 ,/biz/inle-burmese-cuisine-san-francisco?osq=Restaurants,Closed,11:00 AM - 9:00 PM,11:00 AM - 9:00 PM,11:00 AM - 9:00 PM,11:00 AM - 9:00 PM,11:00 AM - 9:00 PM,11:00 AM - 9:00 PM,37.764184,-122.466804
Nara Restaurant &amp; Sake Bar,false,4.6 ,/biz/nara-restaurant-and-sake-bar-san-francisco?osq=Restaurants,5:00 PM - 11:00 PM,5:00 PM - 11:00 PM,5:00 PM - 11:00 PM,5:00 PM - 11:00 PM,5:00 PM - 11:00 PM,5:00 PM - 11:00 PM,5:00 PM - 11:00 PM,37.772178,-122.430891
Billingsgate,false,4.5 ,/biz/billingsgate-san-francisco?osq=Restaurants,Closed,10:00 AM - 7:00 PM,10:00 AM - 7:00 PM,10:00 AM - 7:00 PM,10:00 AM - 7:00 PM,9:00 AM - 7:00 PM,10:00 AM - 7:00 PM,37.751541,-122.428795
Bay Pocha,false,4.1 ,/biz/bay-pocha-san-francisco?osq=Restaurants,11:00 AM - 2:00 PM,11:00 AM - 2:00 PM,11:00 AM - 2:00 PM,11:00 AM - 2:00 PM,11:00 AM - 2:00 PM,5:00 PM - 1:00 AM (Next day),5:00 PM - 12:00 AM (Next day),37.73216,-122.473818
Odumak,false,3.9 ,/biz/odumak-san-francisco-2?osq=Restaurants,5:30 PM - 11:00 PM,Closed,5:30 PM - 11:00 PM,5:30 PM - 11:00 PM,5:30 PM - 12:00 AM (Next day),5:30 PM - 12:00 AM (Next day),5:30 PM - 11:00 PM,37.742881,-122.474144
San Tung - Temp. CLOSED,false,4.1 ,/biz/san-tung-san-francisco-2?osq=Restaurants,11:00 AM - 3:00 PM,Closed,Closed,11:00 AM - 3:00 PM,11:00 AM - 3:00 PM,11:00 AM - 3:00 PM,11:00 AM - 3:00 PM,37.763783,-122.469007
Café de Olla,false,4.8 ,/biz/caf%C3%A9-de-olla-san-francisco-2?osq=Restaurants,Closed,8:00 AM - 6:00 PM,8:00 AM - 6:00 PM,8:00 AM - 6:00 PM,8:00 AM - 8:00 PM,9:00 AM - 8:00 PM,Closed,37.760372,-122.418866
Pork Store Cafe,false,4.0 ,/biz/pork-store-cafe-san-francisco?osq=Restaurants,8:00 AM - 2:00 PM,8:00 AM - 2:00 PM,8:00 AM - 2:00 PM,8:00 AM - 2:00 PM,8:00 AM - 2:00 PM,8:00 AM - 3:00 PM,8:00 AM - 3:00 PM,37.770002,-122.446253
Barnzu,false,5.0 ,/biz/barnzu-san-francisco-5?osq=Restaurants,Closed,12:00 PM - 3:00 PM,12:00 PM - 3:00 PM,12:00 PM - 3:00 PM,12:00 PM - 3:00 PM,12:00 PM - 3:00 PM,Closed,37.797639,-122.429773
Delarosa Marina,false,4.0 ,/biz/delarosa-marina-san-francisco?osq=Restaurants,11:30 AM - 9:30 PM,11:30 AM - 9:30 PM,11:30 AM - 9:30 PM,11:30 AM - 9:30 PM,11:30 AM - 10:30 PM,11:00 AM - 10:30 PM,11:00 AM - 9:00 PM,37.800287,-122.43911
Cielito Lindo,false,4.4 ,/biz/cielito-lindo-san-francisco?osq=Restaurants,8:30 AM - 7:30 PM,8:30 AM - 7:30 PM,8:30 AM - 7:30 PM,8:30 AM - 7:30 PM,8:30 AM - 7:30 PM,8:30 AM - 7:30 PM,8:30 AM - 7:30 PM,37.775988,-122.496042
Eats,false,3.9 ,/biz/eats-san-francisco?osq=Restaurants,8:00 AM - 2:00 PM,Closed,8:00 AM - 2:00 PM,8:00 AM - 2:00 PM,8:00 AM - 2:00 PM,8:00 AM - 2:00 PM,8:00 AM - 2:00 PM,37.783287,-122.460022
Kaiju Eats Ramen and Izakaya,false,4.0 ,/biz/kaiju-eats-ramen-and-izakaya-san-francisco-3?osq=Restaurants,11:30 AM - 2:30 PM,11:30 AM - 2:30 PM,11:30 AM - 2:30 PM,11:30 AM - 2:30 PM,11:30 AM - 2:30 PM,12:00 PM - 3:00 PM,12:00 PM - 3:00 PM,37.781106,-122.455533
Che Fico Alimentari,false,4.1 ,/biz/che-fico-alimentari-san-francisco?osq=Restaurants,5:30 PM - 9:00 PM,5:30 PM - 9:00 PM,5:30 PM - 9:00 PM,5:30 PM - 9:00 PM,5:30 PM - 9:30 PM,5:30 PM - 9:30 PM,5:30 PM - 9:00 PM,37.777467,-122.437936
Home Plate,false,4.0 ,/biz/home-plate-san-francisco?osq=Restaurants,7:00 AM - 2:00 PM,7:00 AM - 2:00 PM,7:00 AM - 2:00 PM,7:00 AM - 2:00 PM,7:00 AM - 2:00 PM,7:00 AM - 3:00 PM,7:00 AM - 3:00 PM,37.799905,-122.43717
Radhaus,false,4.1 ,/biz/radhaus-san-francisco-4?osq=Restaurants,12:00 PM - 9:00 PM,12:00 PM - 9:00 PM,12:00 PM - 9:00 PM,12:00 PM - 9:00 PM,12:00 PM - 10:00 PM,11:00 AM - 10:00 PM,10:00 AM - 8:00 PM,37.806722,-122.431347
Lapisara Eatery,false,4.6 ,/biz/lapisara-eatery-san-francisco-2?osq=Restaurants,8:00 AM - 2:00 PM,8:00 AM - 2:00 PM,8:00 AM - 2:00 PM,8:00 AM - 2:00 PM,8:00 AM - 2:00 PM,8:00 AM - 2:00 PM,8:00 AM - 2:00 PM,37.787851,-122.413231
